star,hit rate,작품개수
'Weird Al' Yankovic,1.2314314,1
50 Cent,1.164099025,1
A.J. Cook,3.497735730769231,1
Aaliyah,1.2994031428571429,1
Aamir Khan,0.7136861264516409,1
Aaron Eckhart,20.911425380494506,6
Aaron Paul,3.0799641818181818,1
Aaron Taylor-Johnson,2.6255936607886903,4
Abbie Cornish,0.9136411980392157,2
Abraham Attah,0.0151295,1
Ace Young,0.02016,1
Adam Beach,1.7733775572916666,2
Adam Brody,1.30653405,2
Adam Driver,0.9677982537634409,2
Adam Sandler,3.0751356654855235,28
Adam Scott,4.103247133333333,1
Adelaide Clemens,2.76813525,1
Adrian Grenier,1.6421134666666666,1
Adrian Pasdar,0.6738614,1
Adrien Brody,1.600911298467433,6
Adrienne Barbeau,10.743814222222223,2
Adrienne Shelly,0.5105714285714286,1
Aida Mohammadkhani,6.166266666666667,1
Aidan Quinn,0.7889789,1
Aileen Quinn,1.14127722,1
Akira Terao,0.24751341666666668,1
Al Pacino,1.9898993377553638,20
Alan Arkin,1.656101111111111,1
Alan Boyce,0.236642375,1
Alan Van Sprang,0.0965195,1
Albert Brooks,5.338023883776596,2
Albert Finney,0.6966144852941176,2
Alden Ehrenreich,1.42881748,1
Aldis Hodge,0.4376819,1
Alec Baldwin,1.9019943135048276,10
Alek Skarlatos,1.9025428666666666,1
Alessandro Nivola,0.01351731868131868,2
Alex D. Linz,1.608357376875,2
Alex Kendrick,12.5990813,2
Alex Pettyfer,2.519642357352941,2
Alex Roe,4.678876,1
Alex Veadov,6.874949916666667,1
Alex Vincent,2.7510465384615386,1
Alexa PenaVega,2.7972025804511276,3
Alexander Ludwig,0.7078359777777777,1
Alexander Skarsgård,1.715775676674641,2
Alexandra Daddario,2.3670293,1
Alexis Bledel,1.289641,1
Alexsandra Wright,1.8363530625,1
Alfre Woodard,0.9744900714285715,1
Alice Englert,1.0008689666666666,1
Alicia Silverstone,1.8169563055555555,3
Alicia Vikander,1.9159866488416075,3
Alison Lohman,2.2438304666666666,2
Allen Payne,1.6898723904761905,2
Ally Sheedy,2.07557425625,4
Alyson Hannigan,4.2874517,1
Alyssa Milano,0.40433825,1
Amanda Bynes,1.9048260003030304,3
Amanda Donohoe,0.475726,1
Amanda Schull,0.9098600344827587,1
Amanda Seyfried,1.9115438861904763,4
Amandla Stenberg,2.963684642369991,3
Amber Heard,0.0609275,1
Amber Tamblyn,2.608056935,2
America Ferrera,2.1176393888888887,2
Amy Adams,2.913475616469326,8
Amy Brenneman,0.9429316,1
Amy Irving,4.06560375,1
Amy Landecker,2.767770083333333,1
Amy Poehler,4.968075248957902,3
Amy Schumer,2.8086004700396825,3
Amy Seimetz,11.74348,1
Andie MacDowell,0.20228758333333333,2
Andre Gower,0.3141658333333333,1
Andrew Dice Clay,1.0706751,1
Andrew Garfield,2.057102472278346,6
Andrew Lawrence,1.9330804347826087,1
Andrew Lowery,0.27799866666666667,1
Andrew McCarthy,4.470234738095238,2
Andy Garcia,0.6043788215773809,4
Andy Kaufman,0.179558,1
Andy Lau,1.3745535440691397,1
Andy Powers,2.9210686666666668,1
Andy Samberg,1.5519218178571428,2
Andy Serkis,3.271465086666667,1
Angela Bassett,2.3130732083333334,3
Angela Bettis,0.528698,1
Angelina Jolie,2.4575854385019937,9
Angourie Rice,2.126907551020408,1
Angus Macfadyen,0.18677245714285715,1
Anika Noni Rose,2.543293,1
Anjelica Huston,3.7121224510638298,2
Ann Dowd,2.1930222222222224,1
Anna Chlumsky,3.4993999411764705,1
Anna Faris,4.728365851180034,7
Anna Kendrick,4.2257995452068124,8
Anna Paquin,3.206484528301887,1
AnnaSophia Robb,2.508537615079365,2
Annabella Sciorra,4.071265604700855,2
Annabeth Gish,2.1322021666666666,1
Anne Hathaway,3.170948900536626,9
Anne Parillaud,0.24716395,1
Anne Reid,1.2158348,1
Annette Bening,3.3736677626984126,3
Ansel Elgort,6.6748555,1
Anthony Anderson,1.48215185,1
Anthony Edwards,0.23613584954954955,3
Anthony Gonzalez,4.616102217142857,1
Anthony Hopkins,1.2685993912890585,16
Anthony LaPaglia,20.434392266666666,1
Anthony Mackie,0.190868875,1
Anthony Michael Hall,2.994475904545455,2
Anthony Newley,1.576615,1
Anthony Perkins,6.945,1
Anton Yelchin,0.8528372888888889,3
Antonio Banderas,2.064658265697288,10
Anya Taylor-Joy,10.10598625,1
Ari Folman,7.452914666666667,1
Ari Graynor,1.6306917647058823,1
Armand Assante,0.4349785806451613,1
Arnold Schwarzenegger,3.6845383328044914,26
Asa Butterfield,2.2358968866666666,2
Ashley Bratcher,3.5590253333333335,1
Ashley Greene,0.6676861764705883,1
Ashley Hinshaw,0.003326,1
Ashley Judd,2.133558837047389,6
Ashley Tisdale,1.286245688888889,1
Ashton Kutcher,3.783511271348668,8
Aubrey Peeples,0.4667368,1
Aubrey Plaza,4.252998,2
Audrey Tautou,6.945182703651355,3
Auli'i Cravalho,4.296079,1
Ayushmann Khurrana,13.883409333333333,1
Barbara Hershey,0.8191876111111112,2
Barbra Streisand,1.8214550702857142,5
Barney Clark,0.7096720166666667,1
Barry Bostwick,0.28377995,1
Barry Watson,2.201383475,2
Bel Powley,0.8875665,1
Bella Thorne,9.773381071428572,1
Ben Affleck,4.55824644662466,21
Ben Barnes,1.9163023334515499,3
Ben Burtt,2.8961771666666665,1
Ben Cross,10.782428909090909,1
Ben Foster,0.24544876923076922,1
Ben Kingsley,2.3985404090909093,1
Ben Mendelsohn,0.07045766666666667,1
Ben Schwartz,3.761360976470588,1
Ben Stiller,2.9005013149667245,24
Ben Whishaw,3.9750657625,2
Benedict Cumberbatch,6.986790613419913,4
Benicio Del Toro,2.166792657142857,1
Benjamin Bratt,0.1347171875,1
Benjamin Walker,1.6879939130434782,1
Bertil Guve,1.1326285,1
Betsy Palmer,44.829656763636365,2
Bette Midler,2.1522375490093486,5
Beyoncé,2.9559753535714286,2
Big Boi,0.8162035714285715,1
Bill Cosby,0.19230229166666668,1
Bill Farmer,1.9638109444444445,1
Bill Hader,3.5169993461538462,1
Bill Murray,4.988500447747488,15
Bill Nighy,0.43676925,1
Bill Paxton,0.8265930577549936,5
Bill Pullman,2.0072457845714284,5
Bill Skarsgård,20.051326971428573,1
Billy Barratt,1.2064460666666668,1
Billy Bob Thornton,5.486203335751778,8
Billy Campbell,1.3344016,1
Billy Crudup,0.3433868807352941,4
Billy Crystal,3.4673779130925833,8
Billy Zane,1.0036024,2
Björk,3.129661875,1
Blake Jenner,0.4644472,1
Blake Lively,3.2183543270588237,3
Blanchard Ryan,109.366974,1
Blayne Weaver,5.75609905,1
Blythe Danner,0.6643301666666667,1
Bo Derek,3.4494910604395606,2
Bob Geldof,1.85548025,1
Bob Hoskins,2.5736119842261904,2
Bob Newhart,0.9310487,1
Bobcat Goldthwait,0.08221642857142857,1
Boyd Holbrook,1.8243424318181818,1
Brad Garrett,4.1581739,1
Brad Johnson,0.000594,1
Brad Pitt,2.444017701662169,24
Bradley Cooper,4.753238388628059,9
Bradley Gregg,0.47305673076923077,1
Brandon Lee,1.8198484934782608,2
Brandon Quintin Adams,5.224525666666667,1
Brandon Routh,1.4484488592592593,1
Breckin Meyer,3.929519085,4
Brenda Blethyn,2.874133,1
Brendan Fraser,1.943060400875634,15
Brendan Gleeson,3.2603173333333335,1
Brenton Thwaites,1.468138541904762,3
Brett Dalton,1.1541775,1
Brian Benben,0.087791,1
Brian Bosworth,0.538346294117647,1
Brian Cox,1.8439545870535714,2
Brian Dennehy,0.12762408333333333,1
Brian Kerwin,0.471122,1
Brian Krause,1.1451218272727273,2
Brian O'Halloran,61.052876659259255,2
Briana Evigan,2.1764896,1
Bridget Fonda,2.3129782982142855,2
Brie Larson,4.076795724430199,3
Brit Marling,9.916362076923077,2
Britney Spears,5.095085833333333,1
Brittany Murphy,1.4302265357142858,2
Brittany Snow,2.8598938,1
Brooke Adams,0.095,1
Brooke Shields,3.2853730319318184,4
Brooklynn Prince,5.485649,1
Bruce Campbell,3.094480455266955,4
Bruce Dern,2.306906,1
Bruce Greenwood,0.065550375,1
Bruce Ramsay,2.3342215,1
Bruce Willis,2.5339112056959534,34
Bruno Lawrence,2.123135,1
Bryan Brown,1.1687197886178862,3
Bryan Cranston,0.7561992261904762,2
Bryce Dallas Howard,1.1291134721560132,2
Bubba Smith,0.96393475,1
Burt Lancaster,1.1041362833333335,2
Burt Reynolds,1.3383893780774045,11
Bérénice Bejo,1.1521329090909092,1
C. Thomas Howell,2.5697647,1
Cameron Diaz,4.93045018754705,10
Camilla Belle,2.187433662030075,4
Carey Mulligan,2.881650704761905,2
Carice van Houten,1.2746934761904762,1
Carl Weathers,2.8938535714285716,1
Carlo Cecchi,0.5566171666666667,1
Carlos Alazraqui,4.78517424,1
Carlos Gallardo,291.56,1
Carmen Electra,1.7408412,1
Carmen Maura,10.375898571428571,1
Carolyn Farina,12.871704347826087,1
Cary Elwes,23.144923260416668,4
Casey Affleck,5.967332372063493,5
Casey Siemaszko,0.6143103333333333,1
Casper Van Dien,1.154422638095238,1
Cassandra Peterson,0.7461689333333333,1
Catalina Sandino Moreno,4.19821,1
Cate Blanchett,2.599615304607298,11
Catherine Hicks,4.910742666666667,1
Catherine Keener,18.711408,1
Catherine Mary Stewart,20.59846,1
Catherine McCormack,0.29461940625,2
Catherine O'Hara,0.49380308333333334,1
Catherine Zeta-Jones,3.3071803571428573,1
Cathy Podewell,2.5915866666666667,1
Catriona MacColl,0.3096075,1
Cayden Boyd,1.4398531,1
Cedric the Entertainer,2.61051525,1
Chace Crawford,0.529639,1
Chad Michael Murray,1.719153025,1
Chadwick Boseman,2.7831977725000003,4
Chaney Kley,4.3171396363636365,1
Channing Tatum,6.094556672158955,10
Charles Bronson,2.172173108950261,9
Charles Grodin,3.943800066666667,2
Charlie Cox,1.964502,1
Charlie Hunnam,0.6189497574603174,3
Charlie Sheen,3.662070686273285,13
Charlize Theron,1.8498296303816022,10
Cheech Marin,0.3169719,1
Cher,2.8480384427838223,6
Chevy Chase,2.871110106260493,16
Chiara Mastroianni,3.121092876712329,1
Chieko Baishô,9.842268583333333,1
Chiwetel Ejiofor,2.5994993616849817,5
Chloe Bennet,2.40418932,1
Chloë Grace Moretz,3.3079070872208933,4
Chloë Sevigny,0.377575125,1
Choi Min-sik,5.063311333333333,1
Chow Yun-Fat,3.3302979844555054,5
Chris Brown,5.256146885416666,2
Chris Cooper,1.45094335,2
Chris Elliott,0.4069398888888889,1
Chris Evans,3.96574889860072,5
Chris Farley,0.9767369888888888,2
Chris Hemsworth,2.134051458580684,9
Chris Kattan,2.0408545427807487,2
Chris Klein,0.5290058177777778,3
Chris Makepeace,1.497308181818182,1
Chris Massoglia,0.982284575,1
Chris Messina,6.2695489,1
Chris O'Donnell,0.5872821880392156,2
Chris Pine,1.8331003121901672,8
Chris Pratt,6.2428003073029315,6
Chris Rock,2.536479181266896,7
Chris Sarandon,2.7691374444444445,1
Chris Stafford,1.24537,1
Christian Bale,2.2941819167905733,20
Christian Campbell,4.638284444444444,1
Christian Friedel,1.0733150555555555,1
Christian Slater,1.1090870642060837,7
Christina Hendricks,3.2577876000000003,2
Christina Ricci,0.9264767688888889,5
Christine Cavanaugh,3.4430377,1
Christine Ebersole,0.49416246153846155,1
Christoph Waltz,0.17488305882352942,1
Christopher Denham,3.1413925925925925,1
Christopher Eccleston,0.05844914285714286,1
Christopher George,6.77437,1
Christopher Gorham,0.680002,1
Christopher Guest,0.7309955,1
Christopher Lambert,1.2187801868504273,10
Christopher Lloyd,0.5669246307692307,1
Christopher McDonald,0.7283373333333333,1
Christopher Plummer,2.0602925,1
Christopher Reeve,1.003076170346908,5
Christopher Reid,5.403864488888889,3
Christopher Walken,0.869224001015274,7
Chuck Norris,2.976817979393573,11
Chyler Leigh,4.4312656666666665,1
Cillian Murphy,5.8750455624999995,2
Cindy Williams,0.8667684,1
Claire Bloom,0.2105078,1
Claire Danes,0.33494018999999997,2
Claire Foy,5.173428085271318,2
Clarence Williams III,1.972988,1
Cliff De Young,0.006732833333333334,1
Cliff Gorman,5.829521333333333,1
Clint Eastwood,3.234383933001789,22
Clive Owen,0.9705180827765651,7
Clu Gulager,3.55947,1
Colin Farrell,1.5394808403490394,14
Colin Firth,6.828032917841109,6
Colin Hanks,2.4069449444444446,1
Colin O'Donoghue,2.609745702702703,1
Colin Woodell,16.024987,1
Colm Meaney,0.4091378,1
Columbus Short,5.808547923076923,1
Connor Paolo,0.6236615384615385,1
Constance Wu,7.91474325,2
Corbin Allred,1.6800897435897435,1
Corey Haim,2.0854130208333332,2
Craig Bierko,1.1602555,1
Craig Sheffer,2.212846522727273,2
Craig T. Nelson,6.544245844673913,2
Craig Wasson,0.880194,1
Crispin Glover,1.4246409657894736,2
Cristina Raines,1.11178,1
Cuba Gooding Jr.,2.7406049497616194,7
Cybill Shepherd,1.017411875,1
Cyndi Lauper,0.10465616666666666,1
Cynthea Mercado,3.3019872727272728,1
D.B. Sweeney,2.03470571372549,2
DJ Qualls,2.3974913846153845,1
Dabney Coleman,0.073765,1
Dacre Montgomery,1.4233724,1
Daisy Ridley,4.148036657660274,4
Dakota Fanning,1.874089707553476,4
Dakota Johnson,7.724576837051435,4
Dale Midkiff,4.997403304347826,1
Damian Chapa,0.1284738,1
Damon Wayans,1.3595690816666668,4
Dan Aykroyd,1.6314649401807073,8
Dan Castellaneta,7.152190573333334,1
Dan Fogler,0.2464623076923077,1
Dan Monahan,17.32982692136752,3
Dan Stevens,0.5400102,1
Dana Carvey,2.7131875625,1
Dana Delany,0.2736628,1
Dana Kimmell,15.95220304347826,1
Dane Cook,2.66502777,2
Dane DeHaan,4.16458423857537,3
Daniel Brühl,2.552184447368421,1
Daniel Craig,3.338076596591044,9
Daniel Day-Lewis,1.9275927781741242,9
Daniel Hansen,1.1288868933333334,1
Daniel Jenkins,0.004259285714285715,1
Daniel Kaluuya,56.797590444444445,1
Daniel London,1.00349,1
Daniel Radcliffe,5.860804585147621,10
Daniel Valdez,1.2059562962962962,1
Daniella Alonso,2.5131848666666667,1
Danielle Harris,0.1952375,1
Danielle Panabaker,1.7037268,1
Danny Aiello,5.7377607692307695,1
Danny DeVito,1.3513106397934198,5
Danny Elfman,5.082847055555556,1
Danny Glover,2.1764008435070785,5
Danny McBride,0.5613974549098196,1
Danny Trejo,2.603689833333333,2
Darci Kistler,0.11157863157894737,1
Daryl Hannah,0.1302488,1
Daryl Sabara,5.186886263157895,1
Darío Grandinetti,9.285667878787878,1
Dave Bautista,2.0244340625,1
Dave Chappelle,2.1825025,1
Dave Goelz,0.9301505,1
Daveigh Chase,11.061762654276315,2
David Alan Basche,5.113377266666666,1
David Andrews,1.1031324761904762,1
David Arquette,1.4896301176190476,5
David Bowie,0.55663496,1
David Carradine,1.5795189,1
David Caruso,0.548477361111111,3
David Duchovny,1.656157082878788,5
David Harbour,1.10130578,1
David Hyde Pierce,0.907416,1
David Keith,0.42380130769230767,1
David Koechner,0.6769577,1
David Morse,0.027303571428571427,1
David Naughton,3.0669378,1
David Niven,0.40836236363636363,1
David Oyelowo,1.8099356285714283,3
David Paul,0.2,1
David Rasche,0.08353091666666666,1
David Schwimmer,0.7070485,1
David Spade,1.4065026586521043,5
David Strathairn,7.805884428571429,1
David Thewlis,0.9740526125,2
Dax Shepard,8.4083235,1
Dean-Charles Chapman,4.048669252631579,1
Debbie Harry,4.664163714285714,1
Debi Derryberry,3.4330845333333335,1
Deborah Foreman,2.5895526,1
Deborah Winters,0.5416975,1
Debra Winger,0.8165490073383459,5
Dee Wallace,9.600246466666666,3
Demetrius Shipp Jr.,1.39171745,1
Demi Lovato,3.2863924333333334,1
Demi Moore,1.8281578588636362,8
Demián Bichir,16.61598609090909,1
Denis Leary,3.767905148690293,2
Denise Richards,1.2649702068965518,1
Dennis Hopper,1.707632340425532,1
Dennis Miller,0.44469576923076926,1
Dennis Quaid,1.83239656295948,17
Denzel Washington,2.0549636131365094,33
Derek Richardson,2.066711315789474,1
Dermot Mulroney,3.948039090158731,5
Dev Patel,12.73015178888889,3
Devon Sawa,1.8440216184265008,3
Diane Keaton,2.052640016919192,8
Diane Ladd,2.063504705882353,1
Diane Lane,1.769589050340136,7
Dick Durock,0.048204,1
Diedrich Bader,2.2962088,1
Diego Luna,1.5515358799999999,2
Djimon Hounsou,1.2285955833333333,1
Dolph Lundgren,0.48892109293831176,4
Dom DeLuise,1.9637700724637681,1
Domhnall Gleeson,7.25837075,1
Dominic Cooper,0.2999064397905759,1
Don Adams,0.977469,1
Don Ameche,3.152515514285714,2
Don Cheadle,6.111364245954046,3
Don Francks,0.003797375,1
Don Johnson,0.32996113527851456,2
Donald Glover,6.425875307692308,1
Donald Pleasence,3.4082565833333334,4
Donald Sutherland,2.9213580874603173,5
Donnie Wahlberg,36.93712625,1
Donnie Yen,3.876601205128205,2
Doug Bradley,4.030245,1
Douglas Barr,5.123191,1
Douglas Smith,4.037064864864865,1
Dr. Dre,1.461333,1
Drake Bell,2.0448942857142858,1
Drew Barrymore,1.9386045655941815,13
Duane Martin,4.626377142857143,1
Dudley Moore,3.2644331008228984,7
Dustin Hoffman,4.532686233482143,8
Dwayne Adway,0.926364,1
Dwayne Johnson,3.242432377869481,22
Dylan McDermott,3.630282625,2
Dylan O'Brien,4.419205036016933,5
Ed Begley Jr.,0.0971544,1
Ed Harris,1.1765806380952382,4
Ed Helms,3.458974870967742,1
Ed O'Neill,0.2708193529411765,1
Ed Speleers,2.50425512,1
Eddie Deezen,0.0989033,1
Eddie Griffin,1.66417892,1
Eddie Murphy,3.3549395189786413,27
Eddie Redmayne,4.283416638111111,5
Edgar Ramírez,0.7612145916666666,2
Edith Meeks,3.14912,1
Edward Asner,4.200566297142857,1
Edward Burns,1.6744749941964285,4
Edward Furlong,0.8802943063725489,3
Edward James Olmos,0.817901875,1
Edward Norton,2.4300563352020204,6
Eileen Brennan,0.9762664666666667,1
Elaine Stritch,0.0486434,1
Elayn J. Taylor,4.176606666666666,1
Eli Marienthal,0.3311441,1
Elias Koteas,2.013029,1
Elias McConnell,3.3373406666666665,1
Elijah Wood,4.340192930388575,10
Elisabeth Moss,20.450142857142858,1
Elisabeth Shue,4.187977842261905,2
Elisha Cuthbert,0.6424235294117647,1
Eliza Dushku,2.2738551587301585,1
Elizabeth Banks,5.482236833333333,1
Elizabeth Berkley,0.45241386666666666,1
Elizabeth Daily,5.870611458333333,1
Elizabeth Hartman,2.095104714285714,1
Elizabeth Olsen,6.131064977272728,2
Elizabeth Reaser,9.078416222222222,1
Ellar Coltrane,12.0344165,1
Elle Fanning,3.073995217777778,3
Ellen Barkin,0.6777069499999999,2
Ellen Burstyn,1.6422462222222223,1
Ellen DeGeneres,5.14285471,1
Elliot Page,11.490842625730993,3
Elliott Gould,1.8333333333333333,1
Elsie Fisher,7.1737165,1
Embeth Davidtz,3.399228,1
Emile Hirsch,1.9826923658333333,4
Emilia Clarke,10.4157093,1
Emilio Echevarría,10.4542335,1
Emilio Estevez,8.297888288507327,8
Emily Baldoni,2.7949,1
Emily Bergl,0.8458430952380952,1
Emily Blunt,6.681567572558596,6
Emily Browning,1.095030512195122,1
Emily Lloyd,0.1962206111111111,1
Emily Mortimer,2.2337307407407407,1
Emily Perkins,0.0005108,1
Emily Watson,1.43001342,2
Eminem,5.923782390243902,1
Emma Roberts,2.4769567624812034,5
Emma Stone,6.048746200416667,4
Emma Thompson,4.994221791714286,5
Emma Watson,5.080702307291666,2
Eric Balfour,6.6984887,1
Eric Bana,1.8707197871324297,5
Eric Bogosian,0.867143,1
Eric Christian Olsen,0.9299551,1
Eric Roberts,0.7128744226190475,3
Eric Stoltz,0.36781162654320987,3
Erich Anderson,12.684953846153846,1
Essie Davis,5.15627,1
Ethan Hawke,5.111256944495993,18
Eugenio Derbez,6.929222975,2
Eva Green,2.6952949636363637,1
Evan McGuire,0.2254265,1
Evan Rachel Wood,2.0316777527777776,4
Everett McGill,1.6770092,1
Everett Silas,0.52354,1
Everlyn Sampi,2.7029018333333332,1
Ewan McGregor,2.437317790523836,13
F. Murray Abraham,2.8925995,1
Faye Dunaway,1.9485331,2
Federico Luppi,0.310696,1
Felicity Huffman,15.151744,1
Felicity Jones,7.5425732000000005,3
Fernanda Andrade,101.75849,1
Fernanda Montenegro,2.0589906896551726,1
Fionn Whitehead,5.27016307,1
Fisher Stevens,1.4420058666666666,1
Flex Alexander,0.6159448333333334,1
Florence Pugh,5.329737333333333,1
Forest Whitaker,2.485879314814815,3
Fran Drescher,0.71793,1
Frances McDormand,10.679484466666667,1
Frank Grillo,12.1476365,2
Frank Langella,1.0970534,1
Franka Potente,3.567237066666667,1
Frankie Muniz,3.645240191666667,4
Fred Savage,2.3798166666666667,1
Fred Willard,2.0789556,1
Freddie Highmore,1.476171033710992,4
Freddie Prinze Jr.,2.751328058856952,6
Frederic Forrest,0.024492153846153848,1
French Stewart,0.73115875,1
G.W. Bailey,0.02036241935483871,1
Gabourey Sidibe,6.3649529,1
Gabriel Byrne,0.4166196619047619,2
Gabriel Damon,0.039085714285714286,1
Gabriel Macht,0.6527406833333333,1
Gabriella Wilde,1.73590865,1
Gabrielle Anwar,0.032989846153846154,1
Gabrielle Union,3.1609243,1
Gael García Bernal,8.0846558,1
Gal Gadot,5.52231222818792,1
Garret Dillahunt,3.0663482,1
Garrett Hedlund,1.3686129333333332,1
Garry Shandling,0.23576128333333332,1
Gary Busey,6.962510790562379,2
Gary Graham,0.1272977,1
Gary Oldman,2.5486558241002926,7
Gaspard Ulliel,1.64339768,1
Geena Davis,0.6233685776556777,3
Gemma Arterton,1.12114875,1
Gena Rowlands,1.7957854779110445,3
Gene Hackman,1.8190968374709335,15
Gene Wilder,1.7172329188034188,2
Geneviève Bujold,3.5574757142857143,1
Geoffrey Rush,3.009665749112749,3
George C. Scott,2.561146642857143,1
George Clooney,2.924460977639592,20
George Dzundza,0.0201255,1
George Hearn,0.8145758666666667,1
George Kennedy,4.0,1
George Segal,1.5944321666666668,1
George Strait,1.5164458,1
Georgia Engel,11.467311,1
Gerard Butler,2.1963534161345137,14
Gerardo Taracena,3.016830675,1
Gillian Anderson,0.35747215,2
Gina Carano,1.5005982608695652,1
Gina Philips,5.9371303,1
Gina Rodriguez,1.025572,1
Ginnifer Goodwin,4.386379506507937,3
Giovanni Ribisi,4.111465,1
Glen Campbell,0.6476325,1
Glen Hansard,139.57814666666667,1
Glenn Close,1.7589553261858075,6
Glenn Jacobs,2.33849575,1
Glenn Plummer,0.343299,1
Goldie Hawn,3.0038239275363523,6
Graham Chapman,0.6615384615384615,1
Grant Bardsley,0.48383390909090906,1
Greg Evigan,1.017903125,1
Greg Kinnear,2.409424889069264,4
Greg Stebner,0.5731608181818182,1
Gregory Hines,0.4193168461538462,1
Griffin Dunne,2.357626888888889,1
Gugu Mbatha-Raw,1.806010152686763,2
Guy Pearce,1.6049460033333336,5
Gwyneth Paltrow,2.8617699447619054,7
Gérard Depardieu,1.2720336446808511,2
Hailee Steinfeld,2.809407203703704,2
Hal Holbrook,2.628594375,1
Hal Scardino,0.7923584666666666,1
Haley Joel Osment,1.494190943174603,3
Haley Lu Richardson,13.075399285714285,1
Halle Berry,2.1733224434047407,6
Hank Azaria,2.603982089393939,2
Harley Jane Kozak,0.24110623076923077,1
Harrison Ford,3.9805582852175077,26
Harry Dean Stanton,0.086,1
Harry Hamlin,0.8955735,1
Hart Bochner,0.3168945,1
Harvey Keitel,1.0626886444329573,8
Hayden Christensen,3.052512411325946,7
Hayden Panettiere,0.8789948333333333,1
Heath Ledger,1.0569237517200694,5
Heather Donahue,4143.984983333334,1
Heather Graham,0.013453666666666666,1
Heather Langenkamp,8.863299541666667,3
Heather Matarazzo,5.71127375,1
Heather O'Rourke,1.3442369523809523,1
Heather Sossaman,62.88209,1
Helen Hunt,5.374690478260869,1
Helen Mirren,4.144065128406038,9
Helen Shaver,1.9936704,1
Helen Slater,0.40846965714285716,1
Helena Bonham Carter,0.07519421764705883,2
Henry Cavill,2.066231338611111,4
Henry Thomas,75.51529085714286,1
Hera Hilmar,0.83869818,1
Hideaki Anno,4.551108566666667,1
Hiep Thi Le,0.17772572727272729,1
Hilary Duff,2.4806831078173373,4
Hilary Swank,3.2533331664965988,7
Himesh Patel,5.892052653846154,1
Hitoshi Takagi,8.257005405405405,1
Holly Hunter,3.308376082142857,2
Howard E. Rollins Jr.,3.6368911666666666,1
Howard Stern,1.4725285357142857,1
Howie Long,0.429748,1
Huey Lewis,0.31524961904761906,1
Hugh Bonneville,5.134139690909091,1
Hugh Grant,7.018862364172622,12
Hugh Jackman,2.831268914207075,13
Hugh Laurie,0.8117128,1
Hugo Weaving,2.4539080555555555,1
Hulk Hogan,1.2232817875000002,2
Hume Cronyn,2.60355188,1
Hye-ja Kim,3.4407014,1
Ian Bannen,18.41915,1
Ian McKellen,2.4115779811601734,5
Ian Michael Smith,0.6084471666666667,1
Ice Cube,3.9879021228124016,10
Idris Elba,1.4922885957017544,4
Iko Uwais,4.888075060606061,2
Illeana Douglas,0.1320626,1
Imelda Staunton,1.206169909090909,1
Ioan Gruffudd,2.8288840200000003,2
Irrfan Khan,11.621777,1
Isabela Merced,2.4425027551020406,1
Isabella Rossellini,1.436461,1
Ivana Baquero,4.413171947368421,1
J. Michael Finley,12.298125857142857,1
Jack Black,2.790734443741122,13
Jack Huston,0.94061311,1
Jack Lemmon,1.1231410515655946,5
Jack Mulcahy,43.8088487394958,1
Jack Nicholson,1.799854673787492,18
Jack O'Connell,2.4839891846153845,1
Jack Palance,0.21714795555555555,1
Jack Thompson,0.037437866666666667,1
Jackie Chan,3.4352534696434938,18
Jackie Earle Haley,2.3657991335164836,2
Jackie Mason,0.5899151,1
Jacob Tierney,0.09112333333333333,1
Jacob Tremblay,10.431163025,2
Jada Pinkett Smith,4.621209555555556,1
Jaden Smith,1.873938323076923,1
Jaime Pressly,0.3601510476190476,1
Jake Gyllenhaal,2.8902515201494148,17
Jake Johnson,8.130879470588235,1
Jake Schur,0.19521225,1
Jake T. Austin,0.4750625142857143,1
Jamal Woolard,2.22100835,1
James Allen McCune,9.0346308,1
James Arnold Taylor,0.66928685,1
James Caan,2.021402687984849,5
James Corden,7.02992132,1
James Cromwell,8.471163666666667,1
James Franco,2.6193971321620313,7
James Karen,1.4848264516129033,1
James Le Gros,2.427617,1
James Levine,1.135932125,1
James Lorinz,0.0820272,1
James Marsden,0.906009323525641,4
James Marshall,0.46117205,1
James McAvoy,7.355417899387224,9
James Olson,2.5069634,1
James Ransone,5.332915,1
James Spader,4.99627379,5
James Van Der Beek,2.1238964945175436,3
James Woods,0.5096091089152435,5
Jamie Bell,8.226201926870006,3
Jamie Foxx,1.773776538846872,6
Jamie Kennedy,1.5111164904761905,2
Jamie Lee Curtis,7.5043935774057315,8
Jane Adams,1.3554595454545455,1
Jane Fonda,2.4079577146769577,7
Jane Levy,5.737820705882353,1
Janeane Garofalo,0.0590412,1
Janet Jackson,2.2692592634920636,3
Jang Dong-Gun,3.112183034970238,2
Jared Gilman,4.266501375,1
Jared Harris,89.17581,1
Jared Leto,1.7766441028368793,3
Jared Padalecki,4.816271263157895,1
Jason Bateman,3.3079533722728787,12
Jason Beghe,0.763511,1
Jason Biggs,7.004963014343435,6
Jason Clarke,4.542632767965368,2
Jason David Frank,1.20198,1
Jason Drucker,1.8245896363636365,1
Jason James Richter,7.68493125,1
Jason Lee,3.869556095833333,4
Jason Lively,0.1182732,1
Jason London,1.1584114492753623,1
Jason Mewes,1.5358255,1
Jason Momoa,3.9419255215277778,2
Jason Patric,0.4792040252100841,2
Jason Priestley,0.1977346153846154,1
Jason Robards,0.4421052631578947,1
Jason Schwartzman,1.0860758537037036,3
Jason Scott Lee,2.0510189947089947,3
Jason Segel,2.4786915791666666,2
Jason Statham,2.0406449151747355,17
Jason Sudeikis,4.7991181098111815,3
Javier Bardem,0.7016861555555556,1
Jay Baruchel,3.4624467819068796,4
Jay Chandrasekhar,3.028713367195767,4
Jay Hernandez,17.07913041666667,1
Jay Mohr,1.9889299,1
Jean Dujardin,8.895523733333333,1
Jean Reno,2.3776561714285713,2
Jean-Claude Van Damme,3.908252428222517,18
Jean-Louis Trintignant,3.3330494382022473,1
Jeff Bridges,1.6402721465151877,23
Jeff Daniels,1.585388103896104,3
Jeff Fahey,2.0644483,2
Jeff Goldblum,3.3348191204566207,5
Jeff Speakman,1.4061361,1
Jeffrey Combs,1.26423,2
Jeffrey Donovan,3.1824729333333335,1
Jeffrey Falcon,0.0730625,1
Jeffrey Wright,1.2867608441666667,2
Jemaine Clement,4.533225,1
Jena Malone,2.0551018,1
Jeni Courtney,2.0530896666666667,1
Jenn Proske,4.0273933,1
Jennifer Aniston,2.3464511105959343,12
Jennifer Beals,23.23030075,1
Jennifer Carpenter,3.4433255,1
Jennifer Connelly,1.6472787106060607,2
Jennifer Garner,2.4445248166723075,6
Jennifer Jason Leigh,0.18889650000000002,2
Jennifer Lawrence,4.516309599799987,10
Jennifer Lopez,3.3128820320840333,11
Jennifer Love Hewitt,3.521112751583711,3
Jennifer Morrison,2.7553115714285714,1
Jennifer Rubin,2.4492745,1
Jennifer Tilly,1.6472099955555555,3
Jennifer Westfeldt,10.013424,1
Jensen Ackles,6.715647866666667,1
Jensen Daggett,2.8687952,1
Jeppe Beck Laursen,2.70849625,1
Jeremy Davies,3.4059639375,2
Jeremy Irons,0.24579830541676065,6
Jeremy Irvine,2.690679984848485,1
Jeremy Northam,0.7823732,1
Jeremy Piven,1.8126603137254902,3
Jeremy Renner,2.953854562936508,6
Jeremy Sumpter,1.21975011,1
Jeremy Theobald,8.080333333333334,1
Jerry O'Connell,0.3553087692307692,1
Jerry Seinfeld,1.95676224,1
Jerry Springer,0.46285515,1
Jessalyn Gilsig,0.56276995,1
Jesse Bradford,1.694984073717949,3
Jesse Eisenberg,3.258141262641913,10
Jesse McCartney,38.39002,1
Jesse Metcalfe,2.002660021111111,2
Jessica Alba,3.8201249691358026,3
Jessica Biel,11.301463684210526,1
Jessica Chastain,3.8424688244157736,6
Jessica Lange,0.46963930137111665,4
Jessica Rothe,16.659654208333333,2
Jessica Simpson,3.1996178333333334,1
Jet Li,2.6372924864068885,7
Jillian McWhirter,0.025441666666666668,1
Jim Belushi,2.1283758473128342,4
Jim Carrey,4.443860226711075,22
Jim Caviezel,5.220463781194139,5
Jim Cummings,2.433853816666667,2
Jim Henson,2.7753620666666667,1
Jim Parsons,2.8595674592592593,1
Jim Sturgess,1.8731019300595237,4
Jim Varney,4.732793669312169,3
Jimmy Bennett,0.7243127,1
Jimmy Smits,2.0144314545454547,1
Jing Wu,14.583177333333333,1
JoBeth Williams,4.683644091244466,2
Joan Allen,1.73728675,2
Joanna Pacula,0.31152466666666667,1
Joaquin Phoenix,3.345863295185614,12
Jocelin Donahue,0.11246111111111111,1
Jodi Benson,2.8448917196428574,2
Jodi Carlisle,2.21001984,1
Jodie Foster,3.2094545828591525,12
Joe Alwyn,0.7732746,1
Joe Colligan,0.22405333333333333,1
Joe Mantegna,0.6055319166666666,1
Joe Morton,10.50631142857143,1
Joe Nicolo,0.0459098,1
Joe Pesci,1.3717375044406328,6
Joel Edgerton,3.9470688,1
Joel Kinnaman,2.42688965,1
Joey Cramer,2.0627347777777776,1
Joey King,2.983051088888889,3
Joey Lawrence,2.3919789032258065,1
John Belushi,3.893663734204793,2
John Boyega,1.0346117778582202,3
John C. Reilly,1.6466981263413079,5
John Cameron Mitchell,0.6075178333333333,1
John Candy,3.0797633921596916,6
John Cassavetes,0.38501884615384613,1
John Cena,1.520346614905815,3
John Cho,30.678876183501686,3
John Cleese,3.4562742592592595,3
John Cusack,1.7856510174799645,20
John D. LeMay,5.311689333333334,1
John David Washington,4.000757675609756,2
John Erwin,3.8304285,1
John Gallagher Jr.,2.216926,1
John Getz,2.8188613333333334,1
John Goodman,4.033918360817778,7
John Hawkes,10.33610125,2
John Heard,3.7235384,1
John Hurt,0.6954171262939958,3
John Krasinski,1.1582153176470587,2
John Leguizamo,1.488361905050505,3
John Lithgow,2.7713442388888887,3
John Lloyd Young,1.691175325,1
John Lurie,27.066666666666666,1
John Magaro,0.03181995,1
John Malkovich,1.39440175,1
John Neville,0.17334597898348703,1
John Ritter,12.825487438571429,4
John Travolta,3.9710801184825937,25
John Turturro,0.683771,1
Johnny Depp,2.1143670729501687,31
Johnny Knoxville,5.1951918210526316,2
Jon Cryer,1.0027772857142858,1
Jon Favreau,4.402549818181818,1
Jon Foster,3.8998135714285715,1
Jon Hamm,1.5393382,1
Jon Heder,115.3472175,1
Jon Voight,0.9897923650718955,5
Jonah Hill,2.6615519091666666,4
Jonathan Brandis,0.4825979722222222,1
Jonathan Breck,3.711921529411765,1
Jonathan Cherry,1.1515150833333334,1
Jonathan D. Mellor,3.3666364285714288,1
Jonathan Lipnicki,0.7990247142857143,1
Jonathan Pryce,0.6633302,1
Jonathan Taylor Thomas,0.4071446,1
Jonny Lee Miller,0.3781864,1
Jonny Weston,0.3971058,1
Jordan Ladd,20.368929333333334,1
Jordana Brewster,2.960415054166667,2
Josef Sommer,0.01091775,1
Joseph Cross,0.047029166666666664,1
Joseph Fiennes,1.6631671916666666,2
Joseph Gordon-Levitt,3.575437891085099,11
Joseph Mazzello,0.5857520833333333,1
Josephine Langford,4.982603928571429,1
Josh Brolin,1.036529586051832,5
Josh Duhamel,1.4756513,1
Josh Gad,7.026834164772728,2
Josh Hartnett,2.2985260035099935,6
Josh Hutcherson,4.446124923638238,3
Josh Lucas,0.5871727555555556,1
Josh Peck,0.5292448333333334,1
Josh Radnor,0.5753405,1
Josh Stewart,1.5148533166666667,2
Josh Zuckerman,0.9871545263157895,1
Joshua Jackson,3.7604511964285714,2
Jovan Adepo,1.096259052631579,1
Judd Nelson,1.220639225,2
Jude Law,0.9932541258237155,5
Judi Dench,6.3422637341991335,6
Judith Hoag,14.960438148148148,1
Judy Davis,1.7000929375,1
Julia Louis-Dreyfus,3.161109,1
Julia Ormond,0.4568113238095239,3
Julia Roberts,3.8985247004076258,14
Julia Stiles,5.921709363636364,2
Julian Morris,32.586408,1
Julian Sands,0.8803685952380952,3
Julianna Margulies,3.4174942,1
Julianne Hough,2.1388765866666666,2
Julianne Moore,1.8180465839540638,10
Julie Andrews,3.7989840897435894,2
Julie Walters,0.08765666023945105,1
Juliette Binoche,2.4843460014285714,3
Juliette Lewis,0.7945036285714285,1
Jung Suh,0.024963,1
Juno Temple,0.15406173611111112,2
Justin Chambers,0.81334505,1
Justin Chatwin,1.37551475,2
Justin Long,2.2919675758454106,3
Justin Theroux,1.883486475,1
Justin Timberlake,2.49191493,2
Justin Whalin,1.1683200829059828,2
Kaitlyn Dever,2.133276875,2
Kal Penn,4.3619079,1
Kane Hodder,0.8457840303030303,2
Kang-ho Song,6.136217068546366,5
Karan Ashley,3.3216597,1
Karen Allen,0.4239090833333333,1
Karen Black,0.40705525,1
Karen Gillan,8.8919902,1
Karl Urban,0.8160853375793651,4
Karra Elejalde,0.21276846153846155,1
Kate Beckinsale,2.5916059493073345,8
Kate Bosworth,1.3400567745454544,3
Kate Capshaw,0.4988155138888889,2
Kate Hodge,2.882781,1
Kate Hudson,2.512707014127189,6
Kate Maberly,1.7322970555555555,1
Kate Mara,1.2509649375,2
Kate McNeil,24.952908235294117,1
Kate Winslet,1.570324326752047,6
Katherine Heigl,3.786112960105263,5
Kathleen Turner,1.6128207767094016,4
Kathryn McCormick,4.2566892727272725,1
Kathy Bates,5.498022306818182,2
Katie Chang,2.505697,1
Katie Featherston,6474.778672,2
Katie Holmes,3.3292531466666664,4
Katie Jarvis,0.8014333333333333,1
Katie Leung,4.154802,1
Katrin Cartlidge,0.40202473684210527,1
Kaya Scodelario,6.780896074074074,1
Keanu Reeves,2.8059718812595857,26
Keegan-Michael Key,1.3767555333333332,1
Keely Christian,3.551414285714286,1
Keenen Ivory Wayans,2.5853742844444447,3
Keir Gilchrist,0.811405,1
Keira Knightley,2.8873963668754397,7
Keisha Castle-Hughes,11.732278857142857,1
Keith Coogan,1.6307354,1
Keith Gordon,2.166788556701031,1
Kel Mitchell,2.634777,1
Kellan Lutz,0.8754207428571429,1
Kelly Clarkson,0.5659283583333333,2
Kelly Macdonald,2.9134227405405406,1
Kelly McGillis,1.2502037472527472,2
Kelsey Grammer,2.750478899641577,2
Ken Marshall,0.35992802127659573,1
Ken Ogata,0.1139992,1
Ken Wahl,0.8158198157894736,2
Ken Watanabe,3.6143804210526316,1
Kenan Thompson,1.8673585384615385,1
Kenneth Branagh,1.840447603982684,7
Kenny Wormald,2.6476386666666665,1
Kent McCord,0.0271035,1
Keri Russell,11.393238666666667,2
Kerry Fox,0.8318276,1
Kevin Anderson,0.019368840579710146,1
Kevin Bacon,1.6848933771490222,12
Kevin Clash,0.4493479615384615,1
Kevin Conroy,1.1070337619047619,2
Kevin Costner,3.414882829843942,27
Kevin Gage,0.6483990909090909,1
Kevin Hart,3.321210903496673,5
Kevin James,3.3582183775689507,5
Kevin Kline,1.1813724126064449,9
Kevin Sorbo,0.20375376666666667,1
Kevin Spacey,3.9214536348744304,10
Khalid Abdalla,3.75055145,1
KiKi Layne,1.7163805833333334,1
Kiefer Sutherland,1.6097321152815933,4
Kieran Culkin,0.7687997777777777,1
Kim Basinger,1.3984459247435896,4
Kimberly Elise,9.209491454545455,1
Kirk Cameron,34.001305125,2
Kirk Douglas,2.5141823841269844,3
Kirsten Dunst,2.144025801815683,11
Kirstie Alley,1.1159333125,1
Kit Harington,0.6366776407142858,2
Kitana Kiki Rodriguez,8.28874,1
Klinton Spilsbury,0.7009913888888889,1
Kodi Smit-McPhee,1.4284190281862745,4
Konstantin Khabenskiy,11.984828333333333,1
Kotaro Daigo,17.42860063063063,1
Kris Kristofferson,0.23233850227272726,2
Kristanna Loken,0.146011,1
Kristen Bell,3.737617788756203,7
Kristen Connolly,2.3311866666666665,1
Kristen Stewart,5.956374532602335,9
Kristen Wiig,8.87333916923077,1
Kristin Kreuk,0.7091222777777778,1
Kristy Swanson,1.3317852967032968,2
Kumail Nanjiani,11.282317,1
Kuno Becker,2.7610873,1
Kurt Russell,1.6110202407783232,18
Kyle Chandler,2.2741184588235295,1
Kyle MacLachlan,1.361369925,2
Kyrie Irving,2.456021789473684,1
Kåre Hedebrant,2.806834,1
Kôji Yakusho,3.114843,1
LaKeith Stanfield,5.6783459375,1
Lady Gaga,12.116357388888888,1
Lake Bell,3.3591896296296295,1
Lance Guest,1.9155526666666667,1
Lance Henriksen,0.9163184523809523,2
Lane Smith,0.086426,1
Lara Flynn Boyle,0.350570875,1
Lara Jill Miller,3.3286382,1
Larenz Tate,1.8464964,2
Larry B. Scott,0.2338242338242338,1
Laura Dern,0.46529339999999997,2
Laura Linney,6.6831892084210525,3
Laurel Holloman,8.841632,1
Lauren Ambrose,0.17874466666666666,1
Lauren Cohan,7.3929392,1
Lauren German,1.7756608529411764,2
Lauren Hutton,3.125,1
Lauren Tewes,1.3982925,1
Laurence Fishburne,0.9589950003671329,8
Laurence Olivier,1.4262767231884057,2
Lea Thompson,1.026020918918919,1
Lee Pace,0.1223155,1
Leo Fitzpatrick,4.941477333333333,1
Leonardo DiCaprio,3.835532188627327,20
Lesley-Anne Down,0.14448364285714285,1
Leslie Cheung,0.835060755952381,2
Leslie Mann,4.477100952380952,1
Leslie Nielsen,2.436408448752013,6
Levi Miller,0.8559221333333333,1
Lewis Collins,0.4444788333333333,1
Lewis MacDougall,1.1002165813953488,1
Liam Aiken,2.5272564444444443,1
Liam Hemsworth,1.424515277056277,2
Liam Neeson,3.533061032682179,20
Liesel Matthews,0.5891440588235294,1
Liev Schreiber,4.79899888,1
Lily Collins,1.299505215228758,3
Lily James,3.857237155338346,3
Lily Tomlin,12.008455,1
Lilyan Chauvin,2.339399061032864,1
Lin Shaye,16.7885588,1
Linda Blair,4.9199864,1
Linda Cardellini,13.681526555555555,1
Linda Fiorentino,2.3370412,1
Linda Griffiths,5.102796666666666,1
Linda Hamilton,1.4114556324324323,1
Lindsay Lohan,2.667270464281046,6
LisaRaye McCoy,5.169218888888889,1
Liv Tyler,0.7543436666666666,1
Llyr Ifans,0.038764545454545454,1
Logan Lerman,1.8969485917642825,5
Logan Marshall-Green,3.341336,1
Loren Dean,0.16269496428571428,1
Lorenza Izzo,2.5332898,1
Lori Cardille,1.4285714285714286,1
Lori Heuring,0.22000145833333334,1
Lori Petty,0.1625798,1
Lorraine Bracco,0.16474446645962731,2
Lorraine Gary,2.2556962173913044,1
Lou Diamond Phillips,4.172556624542125,3
Lou Ferrigno,4.2704776,1
Lou Taylor Pucci,0.5346855,1
Louis Ashbourne Serkis,0.5447622033898305,1
Louis C.K.,11.672781746666667,1
Louis Tripp,0.3127650769230769,1
Louise Lasser,0.0017003333333333334,1
Lubna Azabal,1.0440585294117648,1
Lucas Black,1.8701718823529412,1
Lucas Hedges,1.0775528181818181,1
Lucas Pittaway,0.6746935,1
Lucas Till,0.51595132,1
Luciano Pavarotti,0.11997594736842106,1
Lucy Hale,27.237345714285713,1
Lukas Haas,0.3627955319148936,1
Luke Evans,1.731698748768473,2
Luke Perry,2.803342285714286,1
Luke Wilson,1.0335830851190477,4
Lupita Nyong'o,12.759229,1
Macaulay Culkin,6.444745855795651,7
Mackenzie Foy,1.449675575,1
Macon Blair,2.3650309523809523,1
Madeleine Stowe,0.7307361636363637,3
Madeline Carroll,0.3089155,1
Madonna,0.9029656773547238,5
Mads Mikkelsen,3.1260853157894735,2
Mae Whitman,5.142322823529412,1
Magda Szubanski,0.7681317777777777,1
Maggie Smith,4.990970871212122,5
Mahershala Ali,16.33415075,1
Maika Monroe,21.947454,1
Malcolm McDowell,0.4330830909090909,2
Mandy Moore,3.579865474235614,6
Marc Singer,0.95097675,2
Marcel Ruiz,3.6031684285714287,1
Marco Leonardi,10.8721005,1
Maren Jensen,3.3116168,1
Margot Kidder,0.8608572,1
Margot Robbie,3.6462149905863366,2
Mariah Carey,0.23962118181818182,1
Maribel Verdú,16.808346,1
Mariel Hemingway,0.348467185515873,3
Mario Van Peebles,1.63069915,2
Marion Cotillard,1.911523485,2
Marisa Paredes,1.462681111111111,1
Mark Addy,0.7164852409638555,1
Mark Blankfield,0.7584376,1
Mark Dacascos,0.5472285,1
Mark Duplass,15.955873,2
Mark Hamill,22.264188772222223,2
Mark Ruffalo,4.9345127,1
Mark Rylance,1.0388655115504195,2
Mark Strong,0.1795917142857143,1
Mark Wahlberg,2.7937444421002273,24
Marla Sokoloff,0.626805962962963,1
Marlon Brando,0.9973300958333333,2
Marlon Wayans,6.68451717977068,6
Mars Callahan,0.14092775,1
Martin Freeman,3.8697940711111114,2
Martin Henderson,2.3472874624999998,2
Martin Landau,0.782277494736842,2
Martin Lawrence,2.317785853120766,10
Martin Sheen,1.4425721538461538,1
Martin Short,0.5741415859014821,4
Martin Yost,4.4337,1
Mary Beth McDonough,17.276004,1
Mary Elizabeth Winstead,2.79234869,2
Mary McDonnell,1.4458315315315315,1
Mary Steenburgen,3.248648,1
Mary-Kate Olsen,0.7096608666666666,1
Masako Nozawa,13.618581176470588,1
Masatoshi Nagase,0.5517760714285714,1
Massimo Troisi,7.29964,1
Matilda Anna Ingrid Lutz,3.3232356,1
Matt Damon,2.0411878127010072,25
Matt Dillon,1.2236609661538462,5
Matt Lanter,8.033275764705882,1
Matt LeBlanc,0.18426583333333332,1
Matt Passmore,10.2952888,1
Matthew Broderick,4.61616289428775,12
Matthew Goode,0.6725593,1
Matthew Lillard,3.5625987835213033,2
Matthew Macfadyen,5.198823666666667,1
Matthew McConaughey,2.045181234466226,25
Matthew Modine,0.7801778400826548,6
Matthew Perry,1.0843831137931035,2
Max Gail,2.016828375,1
Max Records,1.00140916,1
Max Thieriot,0.86003252,1
Meg Ryan,2.0896150849487176,5
Megan Fox,2.5572425852037037,3
Megumi Okina,1.0451074285714286,1
Mekhi Phifer,3.8521074,1
Mel B,1.17370368,1
Mel Brooks,1.5805020098263214,4
Mel Gibson,3.6163136762607264,25
Melanie Griffith,1.272153765079365,6
Melanie Kinnaman,9.968371818181819,1
Melanie Lynskey,0.609827,1
Melanie Martinez,0.0718754,1
Melissa Joan Hart,2.6580481176470587,1
Melissa Leo,5.457664,1
Melissa McCarthy,2.111920401265182,7
Melissa Rauch,0.17594742857142856,1
Melissa Sagemiller,0.2528906470588235,1
Meryl Streep,3.005707096600538,23
Method Man,1.564187,1
Mia Farrow,2.1268515526041667,4
Mia Wasikowska,2.313815298765597,4
Michael Angarano,0.0118492,1
Michael B. Jordan,9.520326803915344,3
Michael Biehn,0.05400965,2
Michael Caine,1.6559496659102344,11
Michael Cera,3.450829088888889,4
Michael Crawford,0.5063116923076924,1
Michael Douglas,4.2060103826568005,18
Michael Dudikoff,7.699392642857144,3
Michael E. Knight,0.24862025,1
Michael Ealy,4.574920125,1
Michael Fassbender,1.72596509469514,9
Michael J. Fox,4.40864409017319,13
Michael J. Pollard,0.01348425,1
Michael Jai White,1.1491310422413794,2
Michael Jeter,7.714833,1
Michael Jordan,2.880229275,1
Michael Keaton,3.4917274596414356,14
Michael Moriarty,4.955286363636364,1
Michael Murphy,3.3109398,1
Michael Nyqvist,8.031861538461538,1
Michael O'Keefe,0.209628,1
Michael Oliver,7.2270891,1
Michael Ontkean,0.8,1
Michael Parks,0.468615,1
Michael Paré,0.4718774630541872,2
Michael Peña,1.07200608,1
Michael Pitt,1.0456888333333334,2
Michael Reilly Burke,0.05726333333333333,1
Michael Rooker,5.494945945945946,1
Michael Shannon,0.5259989962962963,3
Michael Stuhlbarg,4.490047714285715,1
Michelle Morgan,2.7704705,1
Michelle Pfeiffer,1.743114119052758,8
Michelle Rodriguez,1.666028,1
Michelle Trachtenberg,2.3021326111111113,2
Michelle Williams,2.569176526666667,3
Michèle Caucheteux,1.5554484210526316,1
Mickey Rooney,5.2880823333333336,1
Mickey Rourke,1.3642019569317387,12
Miguel A. Núñez Jr.,0.8847819871794872,1
Miguel Ferrer,0.125397,1
Mike Dytri,30.417892748912994,1
Mike Epps,10.107857777777777,1
Mike Judge,5.2598655,1
Mike Myers,4.58876877355502,12
Mike Norris,0.9960733538426801,1
Mike Vogel,6.8957672,1
Mike White,4.72826,1
Mikhail Baryshnikov,2.10804245,1
Mila Kunis,6.0441039,3
Miles Teller,4.789795501013986,5
Miley Cyrus,3.534463267171717,3
Milla Jovovich,3.4017571964710784,10
Ming-Na Wen,3.3813361555555557,1
Minka Kelly,2.53079075,1
Minnie Driver,0.22642357142857142,1
Mira Sorvino,0.8493601,1
Miranda Richardson,0.47972084,1
Mitchel Musso,1.89148324,1
Mohammad Amir Naji,5.188516666666667,1
Molly Ringwald,2.375514778937729,4
Molly Shannon,0.9010728823529411,1
Monica Potter,0.9376444285714286,1
Morgan Freeman,4.048166046763143,11
Morris Chestnut,2.5145639884615383,2
Myles Truitt,0.3437673,1
N!xau,6.0063566,1
Naomi Watts,2.059188115882976,10
Nas,3.21313,1
Nastassja Kinski,0.3888888888888889,1
Nat Wolff,7.126025,1
Natalie Dormer,3.9712,1
Natalie Portman,5.749779980343662,8
Natasha Calis,6.103291071428571,1
Natasha Henstridge,1.8698234714285715,2
Natasha Lyonne,1.6316172999999998,2
Nathan Fillion,0.9463584948717949,2
Nathan Lane,2.0338142073099417,2
Nathan Phillips,30.894796,1
Nathaniel Brown,0.0484615625,1
Naveen Andrews,1.3696983333333332,1
Navi Rawat,0.2247296875,1
Neal McDonough,0.2222911111111111,1
Neel Sethi,5.5231710228571425,1
Neil Patrick Harris,3.3099558095238097,1
Neve Campbell,4.5858504373809525,5
Nia Vardalos,26.66247287995643,3
Nicholas D'Agosto,3.947191075,1
Nicholas Hoult,1.2352196145146521,4
Nicholas Rowe,1.0966430555555555,1
Nick Cannon,2.87942425,1
Nick Nolte,1.6202144527893045,13
Nick Robinson,3.900958176470588,1
Nick Sutton,0.08984538461538462,1
Nick Swardson,0.2530394,1
Nick Zano,4.654178475,1
Nicolas Cage,3.0930871462147818,40
Nicole Kidman,1.9178522353195522,19
Nigel Hawthorne,0.23124742252271732,1
Nigel Terry,3.1791941818181817,1
Nikita Mikhalkov,0.8262360714285715,1
Noah Hathaway,0.7500522592592592,1
Noah Ringer,2.1314258733333333,1
Noah Schnapp,2.4872031616161614,1
Noomi Rapace,3.1027266846153845,1
Norah Jones,2.2007671,1
Norm MacDonald,0.7710216923076924,1
O'Shea Jackson Jr.,7.201249678571428,1
Oakes Fegley,0.22072491111111112,1
Octavia Spencer,12.2211488,1
Odessa Young,0.369284,1
Odette Annable,4.782128125,1
Olivia Colman,6.3945804,1
Olivia Cooke,10.634336183333334,2
Olivia DeJonge,19.6900124,1
Olivia Newton-John,1.13812855,1
Olivia Wilde,11.623300606060607,1
Omar Epps,3.015506142857143,2
Omarion,6.322100625,1
Oprah Winfrey,0.2856560875,1
Orlando Bloom,1.4185333585470086,2
Orson Welles,0.9767668333333334,1
Oscar Isaac,2.7242673095454544,5
Otto Sander,0.07718619047619048,1
Owen Kline,7.398754,1
Owen Wilson,3.0372023422310606,12
Paige O'Hara,16.9987048,1
Paige Turco,3.14627252,1
Pam Grier,3.3061505833333333,1
Pamela Anderson,0.42151266666666665,1
Parker Posey,1.7832523333333334,2
Parry Shen,15.236904,1
Pat Hingle,6.75686768,1
Pat Morita,1.3230294166666667,1
Patricia Arquette,1.6671794257871064,2
Patrick Bergin,0.18588100000000002,2
Patrick Carroll,0.1569208,1
Patrick Dempsey,1.0261812190476192,3
Patrick Fabian,38.57362611111111,1
Patrick Fugit,0.454026,1
Patrick Stewart,2.8977931746150647,9
Patrick Swayze,6.342435762998411,11
Patrick Wilson,30.54039166600877,4
Patton Oswalt,5.3756411625,1
Paul Bettany,1.9587072467948716,2
Paul Dano,1.4081336875,2
Paul Giamatti,3.1021413618809524,5
Paul Gross,0.5743606428571428,1
Paul Hogan,11.467883847683764,5
Paul Kaye,0.817528,1
Paul Le Mat,0.6156414285714286,1
Paul McCartney,0.15483344444444444,1
Paul Michael Glaser,0.011601372549019608,1
Paul Newman,1.7643968149292943,8
Paul Reubens,6.823443666666667,1
Paul Rudd,2.675363515346035,8
Paul Sorvino,0.022132470588235295,1
Paul Terry,0.7617401842105264,1
Paul Walker,1.5643242417982457,7
Pauly Shore,0.8951743333333333,1
Payman Maadi,45.852152,1
Penelope Ann Miller,0.567608023076923,2
Penn Badgley,1.55992655,1
Penélope Cruz,1.6780514583333332,2
Perdita Weeks,8.3796818,1
Peter Berg,0.47077052142857145,2
Peter Billingsley,6.258702121212121,1
Peter Boyle,0.1709645,1
Peter Dinklage,17.402674,1
Peter Fonda,3.393218888888889,1
Peter Gallagher,0.08246507692307692,1
Peter Horton,18.21123625,1
Peter Keleghan,2.60276875,1
Peter MacNicol,0.7838896111111111,1
Peter O'Toole,1.2614274831932775,2
Peter Sallis,6.471236366666667,1
Peter Sarsgaard,1.9225692,1
Peter Sellers,1.5093455,1
Peter Strauss,1.1443239583333333,1
Peter Ustinov,0.38553683333333333,2
Peter Weller,1.2805451269505495,7
Philip Baker Hall,0.07418633333333334,1
Philip Seymour Hoffman,1.8319214766780045,7
Philippe Noiret,2.6038126,1
Phoebe Cates,1.9390474276748884,4
Pia Zadora,0.24464,1
Pierce Brosnan,2.0589698811622505,13
Piper Perabo,1.324980670464135,3
Prabhas,1.3618016450325383,1
Predrag 'Miki' Manojlovic,0.012220142857142857,1
Prince,5.183570963888889,2
Priscilla C. Shirer,24.418755333333333,1
Pål Sverre Hagen,1.376077530120482,1
Queen Latifah,1.9078983488888888,2
Quinton Aaron,10.66235548275862,1
Quvenzhané Wallis,6.915982054700855,2
Rachael Leigh Cook,0.3811798717948718,1
Rachel McAdams,2.9440240083333333,4
Rachel Nichols,0.97078,1
Rachel Ward,1.6683893846153846,1
Rachel Weisz,0.8827717710622711,5
Radha Mitchell,2.354983587681159,3
Rae Dawn Chong,1.7469253684210526,1
Rain,1.540032,1
Rainn Wilson,0.3781547666666667,2
Ralph Fiennes,2.361627890975287,9
Ralph Macchio,11.389914875,1
Rami Malek,17.536589403846154,1
Ranbir Kapoor,1.027442032967033,1
Randy Norton,0.6340691666666667,1
Randy Quaid,0.29017733333333334,1
Ray Liotta,0.6862743062160062,5
Ray Romano,6.266325930958486,5
Ray Stevenson,0.19467226904761906,2
Ray Winstone,0.7808631416666667,2
Raymond Burr,2.0581975,1
Rebecca De Mornay,1.488560890625,2
Rebecca Hall,3.139906679316888,2
Rebecca Romijn,0.4811117142857143,1
Rebel Wilson,1.5739092580645162,1
Reese Mishler,429.6441,1
Reese Witherspoon,2.3775818834410614,15
Regina Hall,4.923762964473684,2
Reiko Aylesworth,3.257272125,1
Renée Zellweger,4.272924979616911,8
Rhona Mitra,1.6911004357142858,2
Rhys Ifans,0.5131695666666667,1
Rhys Wakefield,3.6203103333333333,1
Ricardo Darín,12.907875166666667,2
Richard Armitage,3.23004388,1
Richard Chamberlain,0.7465947153846154,2
Richard Dreyfuss,1.4412703172281676,9
Richard Farnsworth,0.6416569,1
Richard Gere,3.7677518934280387,22
Richard Jenkins,4.5493795,1
Richard Jordan,0.0631704,1
Richard Kind,0.445058625,1
Richard Linklater,53.396,1
Richard Pryor,1.9162546284222781,7
Rick Hill,26.081509846827135,1
Rick Moranis,4.091191577777778,4
Ricky Gervais,1.5712910970270269,3
River Phoenix,1.0136448714285715,3
Rob Brown,0.2452031,1
Rob Corddry,0.9344036428571428,1
Rob Lowe,1.399527884701573,6
Rob Reiner,1.8944808,1
Rob Schneider,3.109999166097774,3
Robby Benson,0.375,1
Robert Arkins,1.2432975,1
Robert Carlyle,73.69675685714286,1
Robert Carradine,5.1093065,1
Robert De Niro,1.6262519572917475,38
Robert Downey Jr.,3.255458835802298,19
Robert Duvall,2.9805673288888888,3
Robert Englund,4.910017557995338,5
Robert Glaudini,0.0028375,1
Robert Hays,10.224541961904762,3
Robert Hoffman,8.627907542857143,1
Robert John Burke,0.7785610035650624,3
Robert Patrick,0.29825592356687897,1
Robert Pattinson,1.9140051476140172,4
Robert Redford,3.278730721467688,13
Robert Townsend,26.3435027,2
Robert Urich,1.583977888888889,1
Robert Wisdom,0.245866,1
Roberto Benigni,5.801229445000001,2
Robin Shou,1.7125620333333333,1
Robin Tunney,1.6546624,1
Robin Williams,4.132469459544816,24
Robin Wright,0.62502176,1
Roddy Piper,3.252232,1
Rodney Dangerfield,8.296181818181818,1
Roger Moore,2.03469087027417,3
Roman Griffin Davis,6.4525017857142855,1
Romola Garai,0.823292625,1
Ron Fazio,0.3447678260869565,1
Ron Livingston,1.0828256,1
Ron Perlman,1.1949796209942563,3
Ron Silver,0.8162706315789474,1
Rongguang Yu,1.3359003636363636,1
Rooney Mara,1.05774775,2
Rory Calhoun,2.1142226666666666,1
Rory Culkin,1.605896,1
Rosa Salazar,2.382238488235294,1
Rosanna Arquette,2.2377077407407406,3
Rosario Dawson,1.4806676666666667,1
Rose Leslie,0.024343,1
Rose McGowan,0.8905957142857143,1
Rowan Atkinson,24.525735651290816,6
Roy Scheider,1.3214031932900434,3
Rubén Blades,0.6284451818181818,1
Rufus Sewell,1.007419111111111,1
Rupert Everett,0.8628787698412698,3
Rupert Friend,2.3527901714285715,1
Russell Brand,2.9199070634920634,1
Russell Crowe,1.9389341721813032,14
Rutger Hauer,0.7184761612167113,6
Ruth Negga,1.439696111111111,1
Ryan Gosling,5.685195097143754,9
Ryan Guzman,1.9147921333333333,1
Ryan Kwanten,1.11910235,1
Ryan O'Neal,0.8348936785714285,4
Ryan Phillippe,0.9258663020191051,5
Ryan Potter,3.987089006060606,1
Ryan Reynolds,5.037579638701535,12
Sacha Baron Cohen,5.362564709340659,4
Saif Ali Khan,0.3414404761904762,1
Sally Field,3.6034984727777775,6
Sally Hawkins,10.068727422680412,1
Salma Hayek,4.6915395,1
Sam Elliott,3.4180825,1
Sam Neill,6.396697608272529,4
Sam Riley,0.38469508,1
Sam Rockwell,1.4240136457142856,5
Sam Shepard,0.7849005555555556,1
Sam Waterston,2.4097424305555557,1
Sam Worthington,4.790769570804822,5
Samantha Mathis,1.3629539166666667,1
Samara Weaving,9.6026295,1
Sammi Davis,0.03704292893860628,1
Samuel L. Jackson,1.5713552578502457,13
Samuel Le Bihan,2.4397553103448275,1
Samy Naceri,50.38246769230769,1
Sanaa Lathan,2.171762033333333,2
Sandra Bullock,4.2299255578075865,20
Saoirse Ronan,3.125630592253788,8
Sara Foster,0.027841714285714286,1
Sara Paxton,1.65455708,1
Sarah Bolger,2.794902090909091,1
Sarah Butler,0.639325,1
Sarah Jessica Parker,3.0926351972527475,4
Sarah Michelle Gellar,8.910819920634921,3
Sarah Miles,0.5863303773584906,1
Sarah Patterson,2.194667,1
Sarah Polley,2.678188857692308,2
Sasha Grey,0.6240829411764706,1
Scarlett Johansson,2.864921995115018,11
Schuyler Fisk,1.490150153846154,1
Scoot McNairy,10.120876,1
Scott Bakula,0.8406634441550925,4
Scott Eastwood,1.8513180882352942,1
Scott Glenn,1.121297515935829,3
Scott Grimes,0.8473984444444445,1
Scott McGinnis,0.12752777777777777,1
Scott Mechlowicz,0.66844941,2
Scott Patterson,10.542968425925926,1
Scott Shepherd,0.9145901794871795,1
Scott Speedman,9.156717333333333,1
Scott Weinger,18.001793535714285,1
Scout Taylor-Compton,3.9960805,2
Sean Astin,3.5627181418546368,3
Sean Bean,2.5399945,1
Sean Connery,2.683974623503132,14
Sean Faris,2.08137155,1
Sean Gullette,53.68586666666667,1
Sean Hayes,1.8273100333333334,1
Sean Maguire,2.8632531,1
Sean Nelson,2.3127474285714285,1
Sean Patrick Flanery,1.328665125,1
Sean Penn,2.079001818759109,17
Sean Young,0.3453775,1
Seann William Scott,2.2213903,1
Selena Gomez,1.98913415,1
Seth MacFarlane,2.1797439,1
Seth Rogen,5.22534146298733,8
Seung-Yun Lee,3.403957,1
Shad Moss,2.075826,1
Shah Rukh Khan,2.007980549206349,3
Shailene Woodley,7.007629486427298,5
Shameik Moore,3.3711080214285714,2
Shane Brolly,0.28981066666666666,1
Shane Carruth,77.91942857142857,1
Shane Harper,32.3381745,1
Shane McDermott,1.096255,1
Shane West,0.30944109375,1
Shannen Doherty,0.265320125,1
Shannon Elizabeth,2.130069636363636,1
Shaquille O'Neal,0.526899425,2
Shar-Ron Corley,0.7131016,1
Sharlto Copley,4.458187107590405,4
Sharni Vinson,16.102603983333335,2
Sharon Leal,3.5068628,1
Sharon Stone,1.0454164417410714,4
Shawn Ashmore,2.852282,1
Shawn Hatosy,1.0432174285714286,1
Shawn Wayans,3.5690524004934208,2
Shawnee Smith,0.43410226315789474,1
Shay Mitchell,5.5865620779220775,1
Sheila E.,3.6842376666666667,1
Shelley Long,2.0469291666666667,3
Sheri Moon Zombie,1.0299926666666666,1
Sheryl Lee,0.418499,1
Shia LaBeouf,3.1418544562431974,10
Shirley MacLaine,5.439949539583333,4
Shô Kosugi,18.811467142857143,1
Sid Haig,1.8094268571428571,3
Sidney Poitier,1.0344386666666667,2
Sidse Babett Knudsen,0.185147,1
Sienna Miller,0.510376,1
Sigourney Weaver,2.875193039771411,8
Simon Pegg,1.8127214154761908,3
Simon Rex,3.9189372,1
Sinbad,2.507167238095238,1
Sissy Spacek,0.4743287,1
Skyler Shaye,1.30065765,1
Snoop Dogg,0.5236783125,1
Sofia Mali,1.3284345555555555,1
Sonny Bono,3.336516,1
Sook-Yin Lee,2.7633375,1
Sophia Loren,0.6278140555555556,1
Sophie Marceau,0.024530085714285714,1
Sophie Nélisse,3.998036160087719,2
Stellan Skarsgård,0.49237921458333334,2
Stephan James,0.7162931714285714,1
Stephanie Leonidas,0.21674975,1
Stephen Caffrey,1.536651,1
Stephen Campbell Moore,18.296926923076924,1
Stephen Chow,4.760899125,2
Stephen Dillane,0.03714655555555556,1
Stephen Dorff,0.8426299044642858,4
Stephen Dunham,28.5605314,1
Stephen Fry,0.2158775,1
Stephen Lang,5.577519411885688,3
Stephen McHattie,0.021412,1
Stephen Spinella,0.203458,1
Steve Buscemi,1.4870388076923078,4
Steve Carell,4.408603151303749,18
Steve Coogan,2.4420923,1
Steve Guttenberg,5.225976354372952,6
Steve Howey,0.2090269375,1
Steve Irwin,2.756879,1
Steve Martin,2.1975465233288745,20
Steve Oedekerk,1.6994625,1
Steve Railsback,0.4641418,1
Steve Zahn,0.9707017847826087,2
Steven Bauer,1.1594461111111112,1
Steven Seagal,2.4227248224920634,10
Steven Soderbergh,0.04232,1
Steven Strait,1.87993835,1
Sting,0.2737437692307692,1
Storm Reid,1.32675864,1
Suki Waterhouse,0.033648333333333336,1
Sullivan Stapleton,3.0689095545454546,1
Sumi Shimamoto,8.736506,1
Sunny Suljic,0.9303022,1
Suraj Sharma,5.0751380416666665,1
Susan Sarandon,2.608457475277621,7
Sy Richardson,0.2102,1
Sylvester Stallone,2.795712873414004,32
Sylvia Kristel,9.385357142857142,1
T.I.,1.05852815,1
T.J. Miller,4.35553292,1
Tab Hunter,0.24254633333333334,1
Tadanobu Asano,0.7656720634920634,2
Tahar Rahim,1.3749264615384615,1
Taimak,2.5754284,1
Takehiro Murata,0.9941586923076923,1
Takeshi Kitano,1.5250594,1
Tami Erin,0.7139878,1
Tamlyn Tomita,2.9910123636363637,1
Tammy Lauren,3.1477538,1
Tanya Roberts,0.23113412,1
Taraji P. Henson,4.549049604242425,4
Taron Egerton,2.9255108869690636,4
Tate Donovan,2.9730835411764707,1
Tatsuo Matsumura,5.008403361344538e-05,1
Tatsuya Nakadai,0.3621115652173913,1
Taye Diggs,2.7242843287037037,3
Taylor Kitsch,0.7372749322834645,2
Taylor Lautner,2.345347285714286,1
Taylor Nichols,2.2709290625,1
Taylor Russell,17.30134188888889,1
Taylor Schilling,1.8782064583333333,2
Ted Danson,1.6943360769230769,1
Ted Levine,4.6672872,1
Tenzin Thuthob Tsarong,0.20302817857142857,1
Terence Knox,7.756651111111111,1
Terence Stamp,0.3325736,1
Teresa Palmer,30.381394897959183,1
Teri Garr,0.4633467678571429,2
Terrence Howard,8.415616785714287,1
Terry Farrell,2.5069922,1
Terry Kiser,6.846428928571428,1
Terry O'Quinn,1.0131973333333333,1
Terry Serpico,0.6469171428571429,1
Theresa Randle,0.41166158333333336,1
Theresa Russell,0.18426413333333333,2
Thom Mathews,6.490685666666667,1
Thomas Horn,1.381197025,1
Thomas Ian Nicholas,3.2719284666666666,2
Thomas Jane,1.901523784848485,4
Thomas Lennon,2.2021262,1
Thomas Mann,4.8476661875,2
Thora Birch,0.5143460434782609,1
Tiffany Haddish,1.773964894736842,1
Tiger Hu Chen,0.2185954,1
Tilda Swinton,2.2466554071428573,5
Tim Allen,3.061560296493784,9
Tim Curry,2.42778948,1
Tim Daly,0.10957433333333333,1
Tim Matheson,2.38402535,2
Tim Meadows,0.5726338333333333,1
Tim Robbins,1.0377628426190477,7
Tim Roth,1.2935000056360708,3
Timothy Balme,0.08087433333333334,1
Timothy Dalton,3.0799378468749996,2
Timothy Hutton,0.8288917414529914,3
Timothy Olyphant,3.1194837916666667,2
Timothy Spall,1.6489044444444443,2
Tina Fey,1.430823392857143,2
Tobey Maguire,2.4855059715807735,8
Tobin Bell,12.208598569696969,3
Toby Jones,0.20690761538461538,1
Todd Allen,3.6846865,1
Tom Arnold,0.14684663811855234,3
Tom Atkins,3.1851736363636363,2
Tom Berenger,2.2285659577388466,6
Tom Cruise,4.482784989577696,34
Tom Everett Scott,1.0694430457142858,2
Tom Green,1.024502,1
Tom Hanks,4.633372451040167,38
Tom Hardy,3.297253811782898,9
Tom Hiddleston,1.5994926634095634,2
Tom Holland,6.0520376275,2
Tom Hulce,0.090418,1
Tom Kenny,4.548321702252252,2
Tom McGrath,2.8296637954545454,1
Tom Selleck,3.750312319617225,5
Tom Waits,1.3675327272727273,1
Tom Welling,2.566746222222222,1
Tom Wilkinson,26.33128294117647,1
Tommy Flanagan,7.241466666666667,1
Tommy Lee Jones,2.006791066766775,12
Tommy Wiseau,0.8313635,1
Toni Attell,3.0191962857142856,1
Toni Collette,4.872109399999999,2
Tony Chiu-Wai Leung,2.6904298988198043,3
Tony Danza,2.5,1
Tony Goldwyn,3.447629376923077,1
Tony Jaa,0.03459,1
Tony Roberts,1.0555225,1
Tony Shalhoub,2.2795308594657375,2
Tony Todd,1.8563708452380951,2
Topher Grace,0.3282640434782609,1
Toshio Furukawa,0.2690128,1
Tracey Ullman,0.12761106666666666,1
Tracy Camilla Johns,40.78572571428571,1
Travis Fimmel,2.7440557125,1
Travis Tedford,2.926447043478261,1
Treat Williams,0.4795890324612403,4
Trevor Jackson,1.2987928125,1
Trey Parker,1.607666909672619,4
Ty Burrell,1.9013657862068964,1
Tye Sheridan,2.203312021904762,2
Tyler Perry,4.753044742261904,4
Tyrin Turner,7.974877714285714,1
Ulrich Mühe,38.678471,1
Ulrich Thomsen,1.2752138461538463,1
Uma Thurman,2.4924706125624376,7
Val Kilmer,1.2526277295834802,15
Vanessa Hudgens,6.4340798,1
Vanessa Williams,5.826780666666667,1
Vanilla Ice,0.19884366666666667,1
Vera Farmiga,7.8765625875000005,2
Veronica Taylor,4.959898866666666,2
Vicky Krieps,1.364474,1
Victor Love,0.6505605,1
Victor Wong,2.5257637346153845,2
Victoria Justice,0.8155258571428572,1
Viggo Mortensen,4.543647394858695,5
Vin Diesel,3.4616455086670963,15
Vince Vaughn,3.66527074548412,9
Vincent D'Onofrio,0.28904384615384615,1
Vincent Gallo,0.81182895,2
Vincent Perez,1.3782528461538461,1
Vincent Price,1.3928694485714286,2
Vincent Spano,0.44833833333333334,1
Vinnie Jones,0.23562086666666668,1
Viola Davis,1.8091595238095237,1
Virginia Madsen,6.028574083333333,2
Vivica A. Fox,1.7224192307692308,1
Wagner Moura,3.689787,1
Walter Matthau,1.356150803888889,3
Ward Horton,39.627581846153845,1
Warren Beatty,1.3168271121326294,6
Warren Christie,5.2472306,1
Warwick Davis,5.319011055555556,2
Wendi McLendon-Covey,2.6662965714285716,1
Wes Ramsey,1.01768,1
Wesley Snipes,1.8655033938510874,14
Whitney Houston,5.09075975,1
Whoopi Goldberg,3.1824180199078342,5
Wil Wheaton,6.53592675,1
Will Arnett,1.9850015733333333,3
Will Ferrell,2.2105494772468726,20
Will Forte,0.9322895,1
Will Friedle,2.06e-05,1
Will Smith,3.573755007390381,23
Willem Dafoe,0.4545828964028035,7
William Baldwin,0.12613172652173912,2
William H. Macy,5.964549910714285,2
William Hurt,1.6492544957289001,5
William Katt,6.481543666666667,1
William Petersen,1.72964435,2
William Ragsdale,0.39783786666666665,1
William Shatner,4.208062977586663,5
Willie Nelson,0.15782936363636363,1
Winona Ryder,1.7016881478550954,7
Winston Chao,6.933459,1
Woody Allen,0.8071228302667549,12
Woody Harrelson,1.0328312961429016,7
Y'lan Noel,10.542789384615384,1
Yara Shahidi,0.7500032222222223,1
Zac Efron,5.955914623446368,9
Zach Braff,4.5410236741666665,4
Zach Cregger,0.7652715,1
Zach Galifianakis,5.114612537857143,3
Zach Galligan,5.021888278989899,3
Zachary Gordon,4.014625452669553,3
Zachary Levi,3.65971656,1
Zachary Quinto,5.572582571428572,1
Zack Gottsagen,21.45668919354839,1
Zack Ward,0.009782733333333333,1
Zain Al Rafeea,16.10425075,1
Zhi-zhong Huang,5.7677694875,1
Ziyi Zhang,1.9087407294117646,1
Zoe Margaret Colletti,4.1818202,1
Zoe Saldana,1.787711,1
Zoey Deutch,2.3013821935672514,3
Zooey Deschanel,4.169360133333333,2
